Workbook

Sheet Paarvergleich Kriterien
C6: Einfache Konstruktion: Beurteilung der konstruktiven Komplexität und Umsetzbarkeit des Konzepts. Zielsicherheit / Ablagegenauigkeit: Beurteilung der Genauigkeit beim Positionieren und Ablegen der Objekte. Betriebssicherheit: Beurteilung der Zuverlässigkeit und Funktionsstabilität im Betrieb. Geschwindigkeit / Strategie: Beurteilung der zeitlichen Effizienz und der Zweckmäßigkeit des Bewegungsablaufs. Modularer Aufbau: Beurteilung der Gliederung in anpassbare und austauschbare Baugruppen. Wendigkeit des Roboters: Beurteilung der Beweglichkeit und Manövrierfähigkeit auf dem Spielfeld. | D6: =C7 -> Einfache Konstruktion | E6: =C8 -> Zielsicherheit / Ablagegenauigkeit | F6: =C9 -> Betriebssicherheit (störungsfrei) | G6: Geschwindigkeit / Strategie | H6: =C11 -> Modularer Aufbau | I6: =C12 -> Wendigkeit des Roboters
C7: Einfache Konstruktion | D7: 1 | E7: 2 | F7: 2 | G7: 1 | H7: 0 | I7: 1 | J7: 2: besser/wichtiger
C8: Zielsicherheit / Ablagegenauigkeit | D8: 0 | E8: 1 | F8: 1 | G8: 0 | H8: 0 | I8: 0 | J8: 1: identisch
C9: Betriebssicherheit (störungsfrei) | D9: 0 | E9: 1 | F9: 1 | G9: 0 | H9: 0 | I9: 0 | J9: 0: schlechter
C10: Geschwindigkeit / Strategie | D10: 1 | E10: 2 | F10: 2 | G10: 1 | H10: 1 | I10: 1
C11: Modularer Aufbau | D11: 2 | E11: 2 | F11: 2 | G11: 1 | H11: 1 | I11: 1
C12: Wendigkeit des Roboters | D12: 1 | E12: 2 | F12: 2 | G12: 1 | H12: 1 | I12: 1
C14: Summe absolut | D14: =SUM(D7:D12) -> 5 | E14: =SUM(E7:E12) -> 10 | F14: =SUM(F7:F12) -> 10 | G14: =SUM(G7:G12) -> 4 | H14: =SUM(H7:H12) -> 3 | I14: =SUM(I7:I12) -> 4
C15: Summe normiert | D15: =D14/11 -> 0.45454545 | E15: =E14/11 -> 0.90909091 | F15: =F14/11 -> 0.90909091 | G15: =G14/11 -> 0.36363636 | H15: =H14/11 -> 0.27272727 | I15: =I14/11 -> 0.36363636

Sheet Eigenschaften
C5: Lösung 1 | D5: Lösung 2 | E5: Lösung 3
B6: ='Paarvergleich Kriterien'!C7 -> Einfache Konstruktion | C6: einfach | D6: normal | E6: schwierig
B7: ='Paarvergleich Kriterien'!C8 -> Zielsicherheit / Ablagegenauigkeit | C7: gute Genauigkeit | D7: gute Genauigkeit | E7: gute Genauigkeit
B8: ='Paarvergleich Kriterien'!C9 -> Betriebssicherheit (störungsfrei) | C8: sehr betriebssicher | D8: wenig störanfällig | E8: wenig störanfällig
B9: ='Paarvergleich Kriterien'!C10 -> Geschwindigkeit / Strategie | C9: mittel / teilweise sinvolle Strategie | D9: langsam / keine sinnvolle Strategie | E9: schnell / gute Strategie
B10: ='Paarvergleich Kriterien'!C11 -> Modularer Aufbau | C10: sehr modular | D10: teilweise modular | E10: teilweise modular
B11: ='Paarvergleich Kriterien'!C12 -> Wendigkeit des Roboters | C11: mittel | D11: mittel | E11: gut

Sheet Werteskala
B1: Die Werteskala hilft dabei, Eigenschaften in Zahlen umzuwandeln, damit man sie in der Nutzwertanalyse besser bewerten und miteinander vergleichen kann.
C4: 0 | D4: 1 | E4: 2 | F4: 3 | G4: 4
B5: ='Paarvergleich Kriterien'!C7 -> Einfache Konstruktion | C5: sehr schwierig | D5: schwierig | E5: normal | F5: einfach | G5: sehr einfach
B6: ='Paarvergleich Kriterien'!C8 -> Zielsicherheit / Ablagegenauigkeit | C6: schlechte Genauigkeit | D6: geringe Genauigkeit | E6: mittlere Genauigkeit | F6: gute Genauigkeit | G6: hohe Genauigkeit
B7: ='Paarvergleich Kriterien'!C9 -> Betriebssicherheit (störungsfrei) | C7: sehr störanfällig | D7: störanfällig | E7: mässig störanfällig | F7: wenig störanfällig | G7: sehr betriebssicher
B8: ='Paarvergleich Kriterien'!C10 -> Geschwindigkeit / Strategie | C8: sehr langsam / keine sinnvolle Strategie | D8: langsam / schwache Strategie | E8: mittel / teilweise sinnvolle Strategie | F8: schnell / gute Strategie | G8: sehr schnell / sehr gute Strategie
B9: ='Paarvergleich Kriterien'!C11 -> Modularer Aufbau | C9: kaum modular | D9: wenig modular | E9: teilweise modular | F9: modular | G9: sehr modular
B10: ='Paarvergleich Kriterien'!C12 -> Wendigkeit des Roboters | C10: sehr schlecht | D10: schlecht | E10: mittel | F10: gut | G10: sehr gut

Sheet Bewertung Eigenschaften
C5: Lösung 1 | D5: Lösung 2 | E5: Lösung 3
B6: ='Paarvergleich Kriterien'!C7 -> Einfache Konstruktion | C6: 3 | D6: 2 | E6: 1
B7: ='Paarvergleich Kriterien'!C8 -> Zielsicherheit / Ablagegenauigkeit | C7: 3 | D7: 3 | E7: 3
B8: ='Paarvergleich Kriterien'!C9 -> Betriebssicherheit (störungsfrei) | C8: 4 | D8: 3 | E8: 3
B9: ='Paarvergleich Kriterien'!C10 -> Geschwindigkeit / Strategie | C9: 2 | D9: 1 | E9: 3
B10: ='Paarvergleich Kriterien'!C11 -> Modularer Aufbau | C10: 4 | D10: 2 | E10: 2
B11: ='Paarvergleich Kriterien'!C12 -> Wendigkeit des Roboters | C11: 2 | D11: 2 | E11: 3

Sheet Nutzwert
D5: Lösung 1 | F5: Lösung 2 | H5: Lösung 3
B6: Gew. | D6: ungew | E6: gew | F6: ungew | G6: gew | H6: ungew | I6: gew | K6: Gew. Maximalwert
B7: ='Paarvergleich Kriterien'!D15 -> 0.45454545 | C7: ='Paarvergleich Kriterien'!C7 -> Einfache Konstruktion | D7: ='Bewertung Eigenschaften'!C6 -> 3 | E7: =D7*$B7 -> 1.3636364 | F7: ='Bewertung Eigenschaften'!D6 -> 2 | G7: =F7*$B7 -> 0.90909091 | H7: ='Bewertung Eigenschaften'!E6 -> 1 | I7: =H7*$B7 -> 0.45454545 | K7: =4*$B7 -> 1.8181818
B8: ='Paarvergleich Kriterien'!E15 -> 0.90909091 | C8: ='Paarvergleich Kriterien'!C8 -> Zielsicherheit / Ablagegenauigkeit | D8: ='Bewertung Eigenschaften'!C7 -> 3 | E8: =D8*$B8 -> 2.7272727 | F8: ='Bewertung Eigenschaften'!D7 -> 3 | G8: =F8*$B8 -> 2.7272727 | H8: ='Bewertung Eigenschaften'!E7 -> 3 | I8: =H8*$B8 -> 2.7272727 | K8: =4*$B8 -> 3.6363636
B9: ='Paarvergleich Kriterien'!F15 -> 0.90909091 | C9: ='Paarvergleich Kriterien'!C9 -> Betriebssicherheit (störungsfrei) | D9: ='Bewertung Eigenschaften'!C8 -> 4 | E9: =D9*$B9 -> 3.6363636 | F9: ='Bewertung Eigenschaften'!D8 -> 3 | G9: =F9*$B9 -> 2.7272727 | H9: ='Bewertung Eigenschaften'!E8 -> 3 | I9: =H9*$B9 -> 2.7272727 | K9: =4*$B9 -> 3.6363636
B10: ='Paarvergleich Kriterien'!G15 -> 0.36363636 | C10: ='Paarvergleich Kriterien'!C10 -> Geschwindigkeit / Strategie | D10: ='Bewertung Eigenschaften'!C9 -> 2 | E10: =D10*$B10 -> 0.72727273 | F10: ='Bewertung Eigenschaften'!D9 -> 1 | G10: =F10*$B10 -> 0.36363636 | H10: ='Bewertung Eigenschaften'!E9 -> 3 | I10: =H10*$B10 -> 1.0909091 | K10: =4*$B10 -> 1.4545455
B11: ='Paarvergleich Kriterien'!H15 -> 0.27272727 | C11: ='Paarvergleich Kriterien'!C11 -> Modularer Aufbau | D11: ='Bewertung Eigenschaften'!C10 -> 4 | E11: =D11*$B11 -> 1.0909091 | F11: ='Bewertung Eigenschaften'!D10 -> 2 | G11: =F11*$B11 -> 0.54545455 | H11: ='Bewertung Eigenschaften'!E10 -> 2 | I11: =H11*$B11 -> 0.54545455 | K11: =4*$B11 -> 1.0909091
B12: ='Paarvergleich Kriterien'!I15 -> 0.36363636 | C12: ='Paarvergleich Kriterien'!C12 -> Wendigkeit des Roboters | D12: ='Bewertung Eigenschaften'!C11 -> 2 | E12: =D12*$B12 -> 0.72727273 | F12: ='Bewertung Eigenschaften'!D11 -> 2 | G12: =F12*$B12 -> 0.72727273 | H12: ='Bewertung Eigenschaften'!E11 -> 3 | I12: =H12*$B12 -> 1.0909091 | K12: =4*$B12 -> 1.4545455
C14: Nutzwert | D14: =SUM(D7:D12)/(4*6) -> 0.75 | E14: =SUM(E7:E12)/$K14 -> 0.78472222 | F14: =SUM(F7:F12)/(4*6) -> 0.54166667 | G14: =SUM(G7:G12)/$K14 -> 0.61111111 | H14: =SUM(H7:H12)/(4*6) -> 0.625 | I14: =SUM(I7:I12)/$K14 -> 0.65972222 | K14: =SUM(K7:K12) -> 13.090909
C15: Rangfolge | D15: 1 | E15: 1 | F15: 3 | G15: 3 | H15: 2 | I15: 2
